biometric_pin,full_name,role,email,department_name,designation,status
1,Yeshoda,employee,yeshoda@ap1.tv,Operations & Broadcasting,Broadcast Specialist,active
2,Roji Maharjan,employee,roji.maharjan@ap1.tv,Operations & Broadcasting,Broadcast Specialist,active
3,Biplav,employee,biplav@ap1.tv,Operations & Broadcasting,Broadcast Specialist,active
4,Staff 4,employee,staff.4@ap1.tv,Operations & Broadcasting,Broadcast Specialist,active
5,Staff 5,employee,staff.5@ap1.tv,Operations & Broadcasting,Broadcast Specialist,active
6,Staff 6,admin,staff.6@ap1.tv,Executive Management,Station Admin,active
7,Staff 7,employee,staff.7@ap1.tv,Operations & Broadcasting,Broadcast Specialist,active
8,Staff 8,employee,staff.8@ap1.tv,Operations & Broadcasting,Broadcast Specialist,active
9,Staff 9,employee,staff.9@ap1.tv,Operations & Broadcasting,Broadcast Specialist,active
10,Staff 10,employee,staff.10@ap1.tv,Operations & Broadcasting,Broadcast Specialist,active
11,Hemanta,employee,hemanta@ap1.tv,Operations & Broadcasting,Broadcast Specialist,active
12,Santosh,employee,santosh@ap1.tv,Operations & Broadcasting,Broadcast Specialist,active
13,Bikkeydas,employee,bikkeydas@ap1.tv,Operations & Broadcasting,Broadcast Specialist,active
14,Parashjoshi,employee,parashjoshi@ap1.tv,Operations & Broadcasting,Broadcast Specialist,active
15,Rohitkumar,employee,rohitkumar@ap1.tv,Operations & Broadcasting,Broadcast Specialist,active
16,Gift,admin,gift@ap1.tv,Executive Management,Station Admin,active
105,Lokesh Bajracharya,employee,lokesh.bajracharya@ap1.tv,Operations & Broadcasting,Broadcast Specialist,active
108,Ramesh Thapa,employee,ramesh.thapa@ap1.tv,Operations & Broadcasting,Broadcast Specialist,active
109,Bibek Shrestha,employee,bibek.shrestha@ap1.tv,Operations & Broadcasting,Broadcast Specialist,active
116,Abishekh Sitaula,admin,abishekh.sitaula@ap1.tv,Executive Management,Station Admin,active
120,Ram Bahadur Thapa,employee,ram.bahadur.thapa@ap1.tv,Operations & Broadcasting,Broadcast Specialist,active
121,Roshan Shrestha,employee,roshan.shrestha@ap1.tv,Operations & Broadcasting,Broadcast Specialist,active
129,Pramendra Kumar Shrestha,employee,pramendra.kumar.shrestha@ap1.tv,Operations & Broadcasting,Broadcast Specialist,active
131,Rupa Khadka Bhattarai,employee,rupa.khadka.bhattarai@ap1.tv,Operations & Broadcasting,Broadcast Specialist,active
136,Madhav,employee,madhav@ap1.tv,Operations & Broadcasting,Broadcast Specialist,active
138,Madhav Prasad Rimal,employee,madhav.prasad.rimal@ap1.tv,Operations & Broadcasting,Broadcast Specialist,active
140,Rabin Shrestha,employee,rabin.shrestha@ap1.tv,Operations & Broadcasting,Broadcast Specialist,active
141,Indra Manandar,employee,indra.manandar@ap1.tv,Operations & Broadcasting,Broadcast Specialist,active
142,Madhab Belbase,employee,madhab.belbase@ap1.tv,Operations & Broadcasting,Broadcast Specialist,active
147,Bishnu Khadka,employee,bishnu.khadka@ap1.tv,Operations & Broadcasting,Broadcast Specialist,active
149,Tej Prasad Wagle,employee,tej.prasad.wagle@ap1.tv,Operations & Broadcasting,Broadcast Specialist,active
156,Niraj Raj Joshi,employee,niraj.raj.joshi@ap1.tv,Operations & Broadcasting,Broadcast Specialist,active
157,Gopi Nath Kc,employee,gopi.nath.kc@ap1.tv,Operations & Broadcasting,Broadcast Specialist,active
159,Raju Thapa,employee,raju.thapa@ap1.tv,Operations & Broadcasting,Broadcast Specialist,active
167,Anita Shrestha,employee,anita.shrestha@ap1.tv,Operations & Broadcasting,Broadcast Specialist,active
171,Niraj Shrestha,employee,niraj.shrestha@ap1.tv,Operations & Broadcasting,Broadcast Specialist,active
172,Rajesh Phuyal,employee,rajesh.phuyal@ap1.tv,Operations & Broadcasting,Broadcast Specialist,active
174,Lisa Pokhrel,employee,lisa.pokhrel@ap1.tv,Operations & Broadcasting,Broadcast Specialist,active
181,Manoj Joshi,employee,manoj.joshi@ap1.tv,Operations & Broadcasting,Broadcast Specialist,active
182,Subodh Bhatta,employee,subodh.bhatta@ap1.tv,Operations & Broadcasting,Broadcast Specialist,active
183,Nishan Shrestha,admin,nishan.shrestha@ap1.tv,Executive Management,Station Admin,active
186,Shiva Ram Thapa,employee,shiva.ram.thapa@ap1.tv,Operations & Broadcasting,Broadcast Specialist,active
188,Amrit Sunwar,employee,amrit.sunwar@ap1.tv,Operations & Broadcasting,Broadcast Specialist,active
190,Keshari Dahal,employee,keshari.dahal@ap1.tv,Operations & Broadcasting,Broadcast Specialist,active
195,Roshan Kumar Shrestha,employee,roshan.kumar.shrestha@ap1.tv,Operations & Broadcasting,Broadcast Specialist,active
196,Phurba Sherpa,employee,phurba.sherpa@ap1.tv,Operations & Broadcasting,Broadcast Specialist,active
197,Sylvina Bajracharya,employee,sylvina.bajracharya@ap1.tv,Operations & Broadcasting,Broadcast Specialist,active
203,Niran Raj Bana,employee,niran.raj.bana@ap1.tv,Operations & Broadcasting,Broadcast Specialist,active
204,Kunal Shrestha,employee,kunal.shrestha@ap1.tv,Operations & Broadcasting,Broadcast Specialist,active
205,Pradip Kc,employee,pradip.kc@ap1.tv,Operations & Broadcasting,Broadcast Specialist,active
206,Ashok Shrestha,employee,ashok.shrestha@ap1.tv,Operations & Broadcasting,Broadcast Specialist,active
207,Suman Maharjan,employee,suman.maharjan@ap1.tv,Operations & Broadcasting,Broadcast Specialist,active
208,Ashish Basnet,employee,ashish.basnet@ap1.tv,Operations & Broadcasting,Broadcast Specialist,active
210,Navaraj Adhikari,employee,navaraj.adhikari@ap1.tv,Operations & Broadcasting,Broadcast Specialist,active
229,Suraj Khadka,employee,suraj.khadka@ap1.tv,Operations & Broadcasting,Broadcast Specialist,active
232,Jeevan Khadka,employee,jeevan.khadka@ap1.tv,Operations & Broadcasting,Broadcast Specialist,active
233,Dhana Bahadur Tamang,employee,dhana.bahadur.tamang@ap1.tv,Operations & Broadcasting,Broadcast Specialist,active
235,Pramod koirala,employee,pramod.koirala@ap1.tv,Operations & Broadcasting,Broadcast Specialist,active
236,Ram Prashad Adhikari,employee,ram.prashad.adhikari@ap1.tv,Operations & Broadcasting,Broadcast Specialist,active
239,Saroj Gautam,employee,saroj.gautam@ap1.tv,Operations & Broadcasting,Broadcast Specialist,active
242,Bini Karmacharya,employee,bini.karmacharya@ap1.tv,Operations & Broadcasting,Broadcast Specialist,active
244,Nirajan Bhandari,employee,nirajan.bhandari@ap1.tv,Operations & Broadcasting,Broadcast Specialist,active
245,Roshani Kathet,employee,roshani.kathet@ap1.tv,Operations & Broadcasting,Broadcast Specialist,active
252,Sanjay Dangol,employee,sanjay.dangol@ap1.tv,Operations & Broadcasting,Broadcast Specialist,active
253,Avesh Bajracharya,employee,avesh.bajracharya@ap1.tv,Operations & Broadcasting,Broadcast Specialist,active
255,Surendra Maskey,employee,surendra.maskey@ap1.tv,Operations & Broadcasting,Broadcast Specialist,active
256,Janardan khatiwada,employee,janardan.khatiwada@ap1.tv,Operations & Broadcasting,Broadcast Specialist,active
263,Rajin Thapa Magar,employee,rajin.thapa.magar@ap1.tv,Operations & Broadcasting,Broadcast Specialist,active
264,Arvind Kumar Chaudhary,employee,arvind.kumar.chaudhary@ap1.tv,Operations & Broadcasting,Broadcast Specialist,active
266,Rabi Raj Poudel,employee,rabi.raj.poudel@ap1.tv,Operations & Broadcasting,Broadcast Specialist,active
268,Debesh Chaudhary,employee,debesh.chaudhary@ap1.tv,Operations & Broadcasting,Broadcast Specialist,active
269,Dipendra Yadav,employee,dipendra.yadav@ap1.tv,Operations & Broadcasting,Broadcast Specialist,active
271,Manish Shrestha,employee,manish.shrestha@ap1.tv,Operations & Broadcasting,Broadcast Specialist,active
278,Hritik Singh Thakuri,employee,hritik.singh.thakuri@ap1.tv,Operations & Broadcasting,Broadcast Specialist,active
282,Dipesh Shrestha,employee,dipesh.shrestha@ap1.tv,Operations & Broadcasting,Broadcast Specialist,active
283,Ritesh Gurung,employee,ritesh.gurung@ap1.tv,Operations & Broadcasting,Broadcast Specialist,active
288,Ram Tamang,employee,ram.tamang@ap1.tv,Operations & Broadcasting,Broadcast Specialist,active
290,Malvika Biswas Shrestha,employee,malvika.biswas.shrestha@ap1.tv,Operations & Broadcasting,Broadcast Specialist,active
301,Harilal Shrestha,employee,harilal.shrestha@ap1.tv,Operations & Broadcasting,Broadcast Specialist,active
303,Arun Rijal,employee,arun.rijal@ap1.tv,Operations & Broadcasting,Broadcast Specialist,active
308,Purna Suddakar,employee,purna.suddakar@ap1.tv,Operations & Broadcasting,Broadcast Specialist,active
311,Ramesh Pandey,admin,ramesh.pandey@ap1.tv,Executive Management,Station Admin,active
312,Bipin Shah,employee,bipin.shah@ap1.tv,Operations & Broadcasting,Broadcast Specialist,active
314,Moharaj Sharma,employee,moharaj.sharma@ap1.tv,Operations & Broadcasting,Broadcast Specialist,active
318,Subash Shrestha,employee,subash.shrestha@ap1.tv,Operations & Broadcasting,Broadcast Specialist,active
319,Sanjay Neupane,employee,sanjay.neupane@ap1.tv,Operations & Broadcasting,Broadcast Specialist,active
321,David Shah,employee,david.shah@ap1.tv,Operations & Broadcasting,Broadcast Specialist,active
322,Rabindra kumar sah,employee,rabindra.kumar.sah@ap1.tv,Operations & Broadcasting,Broadcast Specialist,active
328,Raj Kumar Dhakal,employee,raj.kumar.dhakal@ap1.tv,Operations & Broadcasting,Broadcast Specialist,active
332,Chiranjibi Gautam,employee,chiranjibi.gautam@ap1.tv,Operations & Broadcasting,Broadcast Specialist,active
334,Binod Rai,employee,binod.rai@ap1.tv,Operations & Broadcasting,Broadcast Specialist,active
338,Abhishek Thapa,employee,abhishek.thapa@ap1.tv,Operations & Broadcasting,Broadcast Specialist,active
340,Sushan Shahi,employee,sushan.shahi@ap1.tv,Operations & Broadcasting,Broadcast Specialist,active
344,Subash Thapa,employee,subash.thapa@ap1.tv,Operations & Broadcasting,Broadcast Specialist,active
346,Dipesh Shrestha,employee,dipesh.shrestha@ap1.tv,Operations & Broadcasting,Broadcast Specialist,active
347,Rekha Rajbahak,employee,rekha.rajbahak@ap1.tv,Operations & Broadcasting,Broadcast Specialist,active
353,Dipendra Bantawa,employee,dipendra.bantawa@ap1.tv,Operations & Broadcasting,Broadcast Specialist,active
354,Rewan Dahal,employee,rewan.dahal@ap1.tv,Operations & Broadcasting,Broadcast Specialist,active
355,Sama Thapa,employee,sama.thapa@ap1.tv,Operations & Broadcasting,Broadcast Specialist,active
357,Nishan Chikanbanjar,employee,nishan.chikanbanjar@ap1.tv,Operations & Broadcasting,Broadcast Specialist,active
359,Jeevan Bhandari,employee,jeevan.bhandari@ap1.tv,Operations & Broadcasting,Broadcast Specialist,active
363,Suraj Thapa,employee,suraj.thapa@ap1.tv,Operations & Broadcasting,Broadcast Specialist,active
365,Mahesh Sapkota,employee,mahesh.sapkota@ap1.tv,Operations & Broadcasting,Broadcast Specialist,active
367,Ramesh Ghorasaini,employee,ramesh.ghorasaini@ap1.tv,Operations & Broadcasting,Broadcast Specialist,active
368,Bishal Aryal,employee,bishal.aryal@ap1.tv,Operations & Broadcasting,Broadcast Specialist,active
369,Sujan Kaki,admin,sujan.kaki@ap1.tv,Executive Management,Station Admin,active
372,Yadav Paudel,employee,yadav.paudel@ap1.tv,Operations & Broadcasting,Broadcast Specialist,active
382,Sujan Thapa,employee,sujan.thapa@ap1.tv,Operations & Broadcasting,Broadcast Specialist,active
389,Niraj Sapkota,employee,niraj.sapkota@ap1.tv,Operations & Broadcasting,Broadcast Specialist,active
390,Bikash Shrestha,employee,bikash.shrestha@ap1.tv,Operations & Broadcasting,Broadcast Specialist,active
392,Awotar Rai,employee,awotar.rai@ap1.tv,Operations & Broadcasting,Broadcast Specialist,active
393,Sudeep Sapkota,employee,sudeep.sapkota@ap1.tv,Operations & Broadcasting,Broadcast Specialist,active
396,Menuka Shrestha,employee,menuka.shrestha@ap1.tv,Operations & Broadcasting,Broadcast Specialist,active
397,Ashok Ghimire,employee,ashok.ghimire@ap1.tv,Operations & Broadcasting,Broadcast Specialist,active
399,Naresh Shrestha,employee,naresh.shrestha@ap1.tv,Operations & Broadcasting,Broadcast Specialist,active
401,Komal Shankar Ghimire,employee,komal.shankar.ghimire@ap1.tv,Operations & Broadcasting,Broadcast Specialist,active
402,Kushal Raut,employee,kushal.raut@ap1.tv,Operations & Broadcasting,Broadcast Specialist,active
403,Manish Banjara,employee,manish.banjara@ap1.tv,Operations & Broadcasting,Broadcast Specialist,active
406,Bimala Praja,employee,bimala.praja@ap1.tv,Operations & Broadcasting,Broadcast Specialist,active
409,Supriya Katuwal,employee,supriya.katuwal@ap1.tv,Operations & Broadcasting,Broadcast Specialist,active
411,Sabika Shrestha,employee,sabika.shrestha@ap1.tv,Operations & Broadcasting,Broadcast Specialist,active
413,Sushil Ghimire,employee,sushil.ghimire@ap1.tv,Operations & Broadcasting,Broadcast Specialist,active
415,Punyashwori Prajapati,employee,punyashwori.prajapati@ap1.tv,Operations & Broadcasting,Broadcast Specialist,active
416,Churamani Khanal,employee,churamani.khanal@ap1.tv,Operations & Broadcasting,Broadcast Specialist,active
417,Achyoot Paudel,employee,achyoot.paudel@ap1.tv,Operations & Broadcasting,Broadcast Specialist,active
418,Khadak Prasad Devkota,employee,khadak.prasad.devkota@ap1.tv,Operations & Broadcasting,Broadcast Specialist,active
422,Sunil Shrestha,employee,sunil.shrestha@ap1.tv,Operations & Broadcasting,Broadcast Specialist,active
423,Amar Shrestha,employee,amar.shrestha@ap1.tv,Operations & Broadcasting,Broadcast Specialist,active
430,Srijana Gautam,employee,srijana.gautam@ap1.tv,Operations & Broadcasting,Broadcast Specialist,active
431,Sujita Poudel,employee,sujita.poudel@ap1.tv,Operations & Broadcasting,Broadcast Specialist,active
432,Sanjay Maharjan,admin,sanjay.maharjan@ap1.tv,Executive Management,Station Admin,active
433,Krishna Karki,admin,krishna.karki@ap1.tv,Executive Management,Station Admin,active
435,Roshan Subedi,employee,roshan.subedi@ap1.tv,Operations & Broadcasting,Broadcast Specialist,active
436,Bishnu Adhikari,employee,bishnu.adhikari@ap1.tv,Operations & Broadcasting,Broadcast Specialist,active
437,Shima Nepal,employee,shima.nepal@ap1.tv,Operations & Broadcasting,Broadcast Specialist,active
442,Suman Prajapati,employee,suman.prajapati@ap1.tv,Operations & Broadcasting,Broadcast Specialist,active
444,Shova Shrestha,employee,shova.shrestha@ap1.tv,Operations & Broadcasting,Broadcast Specialist,active
445,Smita Khatiwada,employee,smita.khatiwada@ap1.tv,Operations & Broadcasting,Broadcast Specialist,active
446,Devi Ram Bikram,employee,devi.ram.bikram@ap1.tv,Operations & Broadcasting,Broadcast Specialist,active
448,Sarswoti Tamang,employee,sarswoti.tamang@ap1.tv,Operations & Broadcasting,Broadcast Specialist,active
449,Raj Kumar Sapkota,employee,raj.kumar.sapkota@ap1.tv,Operations & Broadcasting,Broadcast Specialist,active
450,Madan Khadka,employee,madan.khadka@ap1.tv,Operations & Broadcasting,Broadcast Specialist,active
451,Sujan Shrestha,employee,sujan.shrestha@ap1.tv,Operations & Broadcasting,Broadcast Specialist,active
453,Prabin Aryal,employee,prabin.aryal@ap1.tv,Operations & Broadcasting,Broadcast Specialist,active
454,Ravi Shrestha,employee,ravi.shrestha@ap1.tv,Operations & Broadcasting,Broadcast Specialist,active
455,Manish Kathayat,employee,manish.kathayat@ap1.tv,Operations & Broadcasting,Broadcast Specialist,active
456,Nimesh RajBahak,employee,nimesh.rajbahak@ap1.tv,Operations & Broadcasting,Broadcast Specialist,active
457,Chandra Narayan Shah,employee,chandra.narayan.shah@ap1.tv,Operations & Broadcasting,Broadcast Specialist,active
458,Binaya Malekar,employee,binaya.malekar@ap1.tv,Operations & Broadcasting,Broadcast Specialist,active
459,Gyan Bhadur Tamang,employee,gyan.bhadur.tamang@ap1.tv,Operations & Broadcasting,Broadcast Specialist,active
460,Ujjwol Shrestha,employee,ujjwol.shrestha@ap1.tv,Operations & Broadcasting,Broadcast Specialist,active
461,Sarala Rijal,employee,sarala.rijal@ap1.tv,Operations & Broadcasting,Broadcast Specialist,active
462,Mohan Adhikari,employee,mohan.adhikari@ap1.tv,Operations & Broadcasting,Broadcast Specialist,active
463,Yogeshwori Shrestha,employee,yogeshwori.shrestha@ap1.tv,Operations & Broadcasting,Broadcast Specialist,active
464,Anand Roy,employee,anand.roy@ap1.tv,Operations & Broadcasting,Broadcast Specialist,active
465,Biplab Dhital,admin,biplab.dhital@ap1.tv,Executive Management,Station Admin,active
466,Avishek Nepal,employee,avishek.nepal@ap1.tv,Operations & Broadcasting,Broadcast Specialist,active
467,Arjun Chettri,employee,arjun.chettri@ap1.tv,Operations & Broadcasting,Broadcast Specialist,active
468,Kundadhana Bade (Suresh),employee,kundadhana.bade.suresh@ap1.tv,Operations & Broadcasting,Broadcast Specialist,active
469,Ricky Shakya,employee,ricky.shakya@ap1.tv,Operations & Broadcasting,Broadcast Specialist,active
470,Ranjana Chapagain,employee,ranjana.chapagain@ap1.tv,Operations & Broadcasting,Broadcast Specialist,active
471,Pranay,employee,pranay@ap1.tv,Operations & Broadcasting,Broadcast Specialist,active
472,Subash Karki,employee,subash.karki@ap1.tv,Operations & Broadcasting,Broadcast Specialist,active
473,Dev Bahadur Karki,employee,dev.bahadur.karki@ap1.tv,Operations & Broadcasting,Broadcast Specialist,active
474,Sujan Thapa Magar,employee,sujan.thapa.magar@ap1.tv,Operations & Broadcasting,Broadcast Specialist,active
475,Sanjaytamang,employee,sanjaytamang@ap1.tv,Operations & Broadcasting,Broadcast Specialist,active
478,Suman Sunuwar,employee,suman.sunuwar@ap1.tv,Operations & Broadcasting,Broadcast Specialist,active
479,Pratishara bajracharya,employee,pratishara.bajracharya@ap1.tv,Operations & Broadcasting,Broadcast Specialist,active
480,Himal,employee,himal@ap1.tv,Operations & Broadcasting,Broadcast Specialist,active
481,Niraj Poudel,employee,niraj.poudel@ap1.tv,Operations & Broadcasting,Broadcast Specialist,active
482,Sushant Basnet,employee,sushant.basnet@ap1.tv,Operations & Broadcasting,Broadcast Specialist,active
484,Minesh Raj Bajracharya,employee,minesh.raj.bajracharya@ap1.tv,Operations & Broadcasting,Broadcast Specialist,active
485,Rajendra Suwal,employee,rajendra.suwal@ap1.tv,Operations & Broadcasting,Broadcast Specialist,active
486,Anil Shrestha,employee,anil.shrestha@ap1.tv,Operations & Broadcasting,Broadcast Specialist,active
487,Roje Awale,admin,roje.awale@ap1.tv,Executive Management,Station Admin,active
488,Roji,employee,roji@ap1.tv,Operations & Broadcasting,Broadcast Specialist,active
489,Ashutosh Sitaula,employee,ashutosh.sitaula@ap1.tv,Operations & Broadcasting,Broadcast Specialist,active
490,Anita Darji,employee,anita.darji@ap1.tv,Operations & Broadcasting,Broadcast Specialist,active
491,Rina Kumari KC,employee,rina.kumari.kc@ap1.tv,Operations & Broadcasting,Broadcast Specialist,active
492,Sujan Chaudhari,employee,sujan.chaudhari@ap1.tv,Operations & Broadcasting,Broadcast Specialist,active
493,Manisha Thapa,employee,manisha.thapa@ap1.tv,Operations & Broadcasting,Broadcast Specialist,active
494,Shirish Shrestha,employee,shirish.shrestha@ap1.tv,Operations & Broadcasting,Broadcast Specialist,active
495,Pramod KC,admin,pramod.kc@ap1.tv,Executive Management,Station Admin,active
496,Subin Dahal,employee,subin.dahal@ap1.tv,Operations & Broadcasting,Broadcast Specialist,active
497,Chet Bahadur Achhami Mag,employee,chet.bahadur.achhami.mag@ap1.tv,Operations & Broadcasting,Broadcast Specialist,active
498,Ronish Maharjan,admin,ronish.maharjan@ap1.tv,Executive Management,Station Admin,active
499,Nirajan Tripathi,employee,nirajan.tripathi@ap1.tv,Operations & Broadcasting,Broadcast Specialist,active
500,Dammer(Bishal) Bishwokar,employee,dammerbishal.bishwokar@ap1.tv,Operations & Broadcasting,Broadcast Specialist,active
502,Surendra,employee,surendra@ap1.tv,Operations & Broadcasting,Broadcast Specialist,active
503,Nishesh Maharjan,employee,nishesh.maharjan@ap1.tv,Operations & Broadcasting,Broadcast Specialist,active
504,Samir Bajracharya,admin,samir.bajracharya@ap1.tv,Executive Management,Station Admin,active
505,Benjamin Ale,employee,benjamin.ale@ap1.tv,Operations & Broadcasting,Broadcast Specialist,active
506,Sumi Shrestha,employee,sumi.shrestha@ap1.tv,Operations & Broadcasting,Broadcast Specialist,active
507,Nishan Karki,employee,nishan.karki@ap1.tv,Operations & Broadcasting,Broadcast Specialist,active
508,Salil Dhungel,employee,salil.dhungel@ap1.tv,Operations & Broadcasting,Broadcast Specialist,active
509,Pragya Khanal,employee,pragya.khanal@ap1.tv,Operations & Broadcasting,Broadcast Specialist,active
510,Garima Tamang,employee,garima.tamang@ap1.tv,Operations & Broadcasting,Broadcast Specialist,active
511,Utsukta Bista,employee,utsukta.bista@ap1.tv,Operations & Broadcasting,Broadcast Specialist,active
512,Krishna Rana,employee,krishna.rana@ap1.tv,Operations & Broadcasting,Broadcast Specialist,active
513,Tanka Prasad Khanal,employee,tanka.prasad.khanal@ap1.tv,Operations & Broadcasting,Broadcast Specialist,active
514,Rashmita Shah,employee,rashmita.shah@ap1.tv,Operations & Broadcasting,Broadcast Specialist,active
515,Aakriti Singh,employee,aakriti.singh@ap1.tv,Operations & Broadcasting,Broadcast Specialist,active
516,Ashish,employee,ashish@ap1.tv,Operations & Broadcasting,Broadcast Specialist,active
517,Safalta Gurung,employee,safalta.gurung@ap1.tv,Operations & Broadcasting,Broadcast Specialist,active
518,Nirajan Niroula,employee,nirajan.niroula@ap1.tv,Operations & Broadcasting,Broadcast Specialist,active
519,Shreya Neupane,employee,shreya.neupane@ap1.tv,Operations & Broadcasting,Broadcast Specialist,active
520,Mahima Paudel,employee,mahima.paudel@ap1.tv,Operations & Broadcasting,Broadcast Specialist,active
521,Kiran Paudel,employee,kiran.paudel@ap1.tv,Operations & Broadcasting,Broadcast Specialist,active
522,Dinesh Mahat,employee,dinesh.mahat@ap1.tv,Operations & Broadcasting,Broadcast Specialist,active
523,Shreyash Bhattarai,employee,shreyash.bhattarai@ap1.tv,Operations & Broadcasting,Broadcast Specialist,active
524,Eric Shrestha,employee,eric.shrestha@ap1.tv,Operations & Broadcasting,Broadcast Specialist,active
525,Simsan Barali,employee,simsan.barali@ap1.tv,Operations & Broadcasting,Broadcast Specialist,active
526,Sunita Ghale,employee,sunita.ghale@ap1.tv,Operations & Broadcasting,Broadcast Specialist,active
527,Rony Malla,employee,rony.malla@ap1.tv,Operations & Broadcasting,Broadcast Specialist,active
528,Aman,employee,aman@ap1.tv,Operations & Broadcasting,Broadcast Specialist,active
529,Kiran,employee,kiran@ap1.tv,Operations & Broadcasting,Broadcast Specialist,active
530,Vijaya khair,employee,vijaya.khair@ap1.tv,Operations & Broadcasting,Broadcast Specialist,active
531,Susmita,admin,susmita@ap1.tv,Executive Management,Station Admin,active
532,Mukunda,employee,mukunda@ap1.tv,Operations & Broadcasting,Broadcast Specialist,active
533,Jayaram Karki,employee,jayaram.karki@ap1.tv,Operations & Broadcasting,Broadcast Specialist,active
535,Santosh Khanal,employee,santosh.khanal@ap1.tv,Operations & Broadcasting,Broadcast Specialist,active
536,Biplav,employee,biplav@ap1.tv,Operations & Broadcasting,Broadcast Specialist,active
537,Bimala,employee,bimala@ap1.tv,Operations & Broadcasting,Broadcast Specialist,active
538,Swaraj,employee,swaraj@ap1.tv,Operations & Broadcasting,Broadcast Specialist,active
539,Sumanl,admin,sumanl@ap1.tv,Executive Management,Station Admin,active
540,Sagun,admin,sagun@ap1.tv,Executive Management,Station Admin,active
541,Nischal Wagle,admin,nischal.wagle@ap1.tv,Executive Management,Station Admin,active
542,Manisha Yadav,employee,manisha.yadav@ap1.tv,Operations & Broadcasting,Broadcast Specialist,active
543,Roshankumarchaudhary,admin,roshankumarchaudhary@ap1.tv,Executive Management,Station Admin,active
544,Jitendra,employee,jitendra@ap1.tv,Operations & Broadcasting,Broadcast Specialist,active
545,Sarojbashyal,employee,sarojbashyal@ap1.tv,Operations & Broadcasting,Broadcast Specialist,active
546,RajuNapit,employee,rajunapit@ap1.tv,Operations & Broadcasting,Broadcast Specialist,active
547,KaushalADHIKARI,employee,kaushaladhikari@ap1.tv,Operations & Broadcasting,Broadcast Specialist,active
548,Prativalamighate,employee,prativalamighate@ap1.tv,Operations & Broadcasting,Broadcast Specialist,active
549,Riti,employee,riti@ap1.tv,Operations & Broadcasting,Broadcast Specialist,active
550,Nirwan,employee,nirwan@ap1.tv,Operations & Broadcasting,Broadcast Specialist,active
551,Rameshthapa,employee,rameshthapa@ap1.tv,Operations & Broadcasting,Broadcast Specialist,active
552,Grishm,employee,grishm@ap1.tv,Operations & Broadcasting,Broadcast Specialist,active
553,Susmitatamang,employee,susmitatamang@ap1.tv,Operations & Broadcasting,Broadcast Specialist,active
554,Madhurisapkota,employee,madhurisapkota@ap1.tv,Operations & Broadcasting,Broadcast Specialist,active
555,Khirantagiri,employee,khirantagiri@ap1.tv,Operations & Broadcasting,Broadcast Specialist,active
556,Pujamalla,employee,pujamalla@ap1.tv,Operations & Broadcasting,Broadcast Specialist,active
557,Birbahaduroli,employee,birbahaduroli@ap1.tv,Operations & Broadcasting,Broadcast Specialist,active
558,BikashShrestha,employee,bikashshrestha@ap1.tv,Operations & Broadcasting,Broadcast Specialist,active
559,SajanBhattarai,employee,sajanbhattarai@ap1.tv,Operations & Broadcasting,Broadcast Specialist,active
560,Sapanasunuwar,employee,sapanasunuwar@ap1.tv,Operations & Broadcasting,Broadcast Specialist,active
561,Kartikbhattarai,employee,kartikbhattarai@ap1.tv,Operations & Broadcasting,Broadcast Specialist,active
562,Binita,employee,binita@ap1.tv,Operations & Broadcasting,Broadcast Specialist,active
563,Sudeepshrestha,employee,sudeepshrestha@ap1.tv,Operations & Broadcasting,Broadcast Specialist,active
564,Prashanttamang,employee,prashanttamang@ap1.tv,Operations & Broadcasting,Broadcast Specialist,active
565,Ramchaudhary,employee,ramchaudhary@ap1.tv,Operations & Broadcasting,Broadcast Specialist,active
566,Pratishkoirala,employee,pratishkoirala@ap1.tv,Operations & Broadcasting,Broadcast Specialist,active
567,Bhimrajdewan,employee,bhimrajdewan@ap1.tv,Operations & Broadcasting,Broadcast Specialist,active
568,Rajeshshrestha,employee,rajeshshrestha@ap1.tv,Operations & Broadcasting,Broadcast Specialist,active
569,Minikaghale,employee,minikaghale@ap1.tv,Operations & Broadcasting,Broadcast Specialist,active
703,Subash Niraula,employee,subash.niraula@ap1.tv,Operations & Broadcasting,Broadcast Specialist,active
704,Kishwor Dahal,employee,kishwor.dahal@ap1.tv,Operations & Broadcasting,Broadcast Specialist,active
707,Bharat Rawal,employee,bharat.rawal@ap1.tv,Operations & Broadcasting,Broadcast Specialist,active
900,Debendra Man Shrestha,employee,debendra.man.shrestha@ap1.tv,Operations & Broadcasting,Broadcast Specialist,active
901,Bishnu Babu Pantha,employee,bishnu.babu.pantha@ap1.tv,Operations & Broadcasting,Broadcast Specialist,active
903,Kamala Subedi,employee,kamala.subedi@ap1.tv,Operations & Broadcasting,Broadcast Specialist,active
913,Nischhal Pradhan,employee,nischhal.pradhan@ap1.tv,Operations & Broadcasting,Broadcast Specialist,active
9898,Administrator,admin,administrator@ap1.tv,Executive Management,Station Admin,active
